{"cameraMode":{"drawMode":0,"name":"Shaded","section":"Shading Mode"},"sceneLighting":false,"audioPlay":false,"sceneViewState":{"m_AlwaysRefresh":false,"showFog":true,"showSkybox":false,"showFlares":true,"showImageEffects":true,"showParticleSystems":true,"showVisualEffectGraphs":true,"m_FxEnabled":true},"in2DMode":false,"pivot":{"x":-2.5199999809265138,"y":2.278749942779541,"z":-14.518750190734864},"rotation":{"x":0.20486783981323243,"y":-0.1880640983581543,"z":0.040147650986909869,"w":0.9597198367118836},"size":2.540940523147583,"orthographic":false}