{"cameraMode":{"drawMode":0,"name":"Shaded","section":"Shading Mode"},"sceneLighting":true,"audioPlay":false,"sceneViewState":{"m_AlwaysRefresh":false,"showFog":true,"showSkybox":true,"showFlares":true,"showImageEffects":true,"showParticleSystems":true,"showVisualEffectGraphs":true,"m_FxEnabled":true},"in2DMode":false,"pivot":{"x":-4.425403594970703,"y":0.13017654418945313,"z":-0.7476253509521484},"rotation":{"x":-0.33114495873451235,"y":-0.5328449010848999,"z":0.23794475197792054,"w":-0.7415112257003784},"size":22.164016723632814,"orthographic":false}