{"cameraMode":{"drawMode":0,"name":"Shaded","section":"Shading Mode"},"sceneLighting":true,"audioPlay":false,"sceneViewState":{"m_AlwaysRefresh":false,"showFog":true,"showSkybox":true,"showFlares":true,"showImageEffects":true,"showParticleSystems":true,"showVisualEffectGraphs":true,"m_FxEnabled":true},"in2DMode":false,"pivot":{"x":2.5299997329711916,"y":0.07999999821186066,"z":14.380000114440918},"rotation":{"x":0.5191871523857117,"y":-0.11966089904308319,"z":0.07369443029165268,"w":0.8430273532867432},"size":24.85352325439453,"orthographic":true}